"files","file_ID"
"1BJ0wV_1273.csv","1BJ0wV"
"1BJ1wy_173.csv","1BJ1wy"
"1BJ3M2_1329.csv","1BJ3M2"
"1BJ4YV_929.csv","1BJ4YV"
"1BJ54y_1429.csv","1BJ54y"
"1BJ6qB_529.csv","1BJ6qB"
"1BJ782_1073.csv","1BJ782"
"1BJ8QV_773.csv","1BJ8QV"
"1BJAMy_273.csv","1BJAMy"
"1BJbwB_129.csv","1BJbwB"
"1BJD4V_1473.csv","1BJD4V"
"1BJgD2_473.csv","1BJgD2"
"1BJj8B_1029.csv","1BJj8B"
"1BJk42_373.csv","1BJk42"
"1BJlYV_973.csv","1BJlYV"
"1BJMDy_429.csv","1BJMDy"
"1BJNOB_1173.csv","1BJNOB"
"1BJnwB_1229.csv","1BJnwB"
"1BJO2P_29.csv","1BJO2P"
"1BJoK2_829.csv","1BJoK2"
"1BJPXV_673.csv","1BJPXV"
"1BJQOy_1129.csv","1BJQOy"
"1BJqOy_73.csv","1BJqOy"
"1BJrXB_629.csv","1BJrXB"
"1BJv4B_329.csv","1BJv4B"
"1BJWQ2_729.csv","1BJWQ2"
"1BJXqV_573.csv","1BJXqV"
"1BJYMy_229.csv","1BJYMy"
"1BJzKB_873.csv","1BJzKB"
"1BJZMB_1373.csv","1BJZMB"
"1yr0b2_1424.csv","1yr0b2"
"1yr1bV_1468.csv","1yr1bV"
"1yr5oV_768.csv","1yr5oV"
"1yr6Ly_524.csv","1yr6Ly"
"1yr8p2_468.csv","1yr8p2"
"1yr9kV_624.csv","1yr9kV"
"1yragV_168.csv","1yragV"
"1yrAxV_1324.csv","1yrAxV"
"1yrboy_724.csv","1yrboy"
"1yrD2J_24.csv","1yrD2J"
"1yrdD2_1124.csv","1yrdD2"
"1yrDO2_1068.csv","1yrDO2"
"1yreQV_924.csv","1yreQV"
"1yrGgB_124.csv","1yrGgB"
"1yrkbB_368.csv","1yrkbB"
"1yrKkB_668.csv","1yrKkB"
"1yrlx2_224.csv","1yrlx2"
"1yrMDV_68.csv","1yrMDV"
"1yrNOy_1024.csv","1yrNOy"
"1yrOLB_568.csv","1yrOLB"
"1yrPb2_324.csv","1yrPb2"
"1yrpg2_1268.csv","1yrpg2"
"1yrqxV_1368.csv","1yrqxV"
"1yrR0y_824.csv","1yrR0y"
"1yrrgy_1224.csv","1yrrgy"
"1yrvDy_1168.csv","1yrvDy"
"1yrwxB_268.csv","1yrwxB"
"1yrXp2_424.csv","1yrXp2"
"1yrY0V_868.csv","1yrY0V"
"1yrZQy_968.csv","1yrZQy"
"32k0EV_93.csv","32k0EV"
"32k0GV_105.csv","32k0GV"
"32k3E2_49.csv","32k3E2"
"32k4KV_293.csv","32k4KV"
"32k4PV_305.csv","32k4PV"
"32k5Ky_1349.csv","32k5Ky"
"32k6EB_1105.csv","32k6EB"
"32k7O2_1049.csv","32k7O2"
"32k8DV_605.csv","32k8DV"
"32k8eV_593.csv","32k8eV"
"32k9Dy_649.csv","32k9Dy"
"32kAEy_1193.csv","32kAEy"
"32kAGy_1205.csv","32kAGy"
"32kbDB_693.csv","32kbDB"
"32kd3V_793.csv","32kd3V"
"32kd8V_805.csv","32kd8V"
"32kDPV_1493.csv","32kDPV"
"32ke6y_949.csv","32ke6y"
"32kEKy_249.csv","32kEKy"
"32kEy5_5.csv","32kEy5"
"32kG32_749.csv","32kG32"
"32kj6B_993.csv","32kj6B"
"32kJeB_505.csv","32kJeB"
"32kjOB_1005.csv","32kjOB"
"32kJYB_493.csv","32kJYB"
"32kKG2_1293.csv","32kKG2"
"32kKK2_1305.csv","32kKK2"
"32kLGV_1249.csv","32kLGV"
"32kM8y_849.csv","32kM8y"
"32kmYy_449.csv","32kmYy"
"32kNeB_549.csv","32kNeB"
"32knPB_1449.csv","32knPB"
"32koG2_193.csv","32koG2"
"32koK2_205.csv","32koK2"
"32kQGy_149.csv","32kQGy"
"32kqKy_1393.csv","32kqKy"
"32kqPy_1405.csv","32kqPy"
"32kRPB_349.csv","32kRPB"
"32kvEB_1149.csv","32kvEB"
"32kWO2_1093.csv","32kWO2"
"32kx6V_905.csv","32kx6V"
"32kx8V_893.csv","32kx8V"
"32kXPV_393.csv","32kXPV"
"32kYYy_405.csv","32kYYy"
"32kz3B_705.csv","32kz3B"
"3VM0d2_1040.csv","3VM0d2"
"3VM1mV_584.csv","3VM1mV"
"3VM3oB_1284.csv","3VM3oB"
"3VM442_1440.csv","3VM442"
"3VM5LV_1340.csv","3VM5LV"
"3VM8e2_784.csv","3VM8e2"
"3VMaXV_640.csv","3VMaXV"
"3VMbXy_684.csv","3VMbXy"
"3VMDg2_940.csv","3VMDg2"
"3VMdo2_1240.csv","3VMdo2"
"3VME4V_1484.csv","3VME4V"
"3VMgeB_740.csv","3VMgeB"
"3VMGLB_1384.csv","3VMGLB"
"3VMjLy_284.csv","3VMjLy"
"3VMJNy_1184.csv","3VMJNy"
"3VMkNB_84.csv","3VMkNB"
"3VMKoB_140.csv","3VMKoB"
"3VMlg2_984.csv","3VMlg2"
"3VMLq2_884.csv","3VMLq2"
"3VMM4V_340.csv","3VMM4V"
"3VMmmV_540.csv","3VMmmV"
"3VMNyv_40.csv","3VMNyv"
"3VMo4B_384.csv","3VMo4B"
"3VMpL2_240.csv","3VMpL2"
"3VMPO2_440.csv","3VMPO2"
"3VMQNV_1140.csv","3VMQNV"
"3VMqoV_184.csv","3VMqoV"
"3VMXd2_1084.csv","3VMXd2"
"3VMZOy_484.csv","3VMZOy"
"3VMzqy_840.csv","3VMzqy"
"5y30RB_707.csv","5y30RB"
"5y31e2_1251.csv","5y31e2"
"5y33zy_1151.csv","5y33zy"
"5y34DB_307.csv","5y34DB"
"5y34KB_295.csv","5y34KB"
"5y35e2_1295.csv","5y35e2"
"5y35K2_1307.csv","5y35K2"
"5y37zy_1107.csv","5y37zy"
"5y39Y2_451.csv","5y39Y2"
"5y3Ap2_651.csv","5y3Ap2"
"5y3aY2_407.csv","5y3aY2"
"5y3b8V_1095.csv","5y3b8V"
"5y3ED2_1451.csv","5y3ED2"
"5y3eX2_851.csv","5y3eX2"
"5y3G8y_1007.csv","5y3G8y"
"5y3Gjy_995.csv","5y3Gjy"
"5y3jeV_1207.csv","5y3jeV"
"5y3JjV_907.csv","5y3JjV"
"5y3JXV_895.csv","5y3JXV"
"5y3jzV_1195.csv","5y3jzV"
"5y3KDy_1407.csv","5y3KDy"
"5y3KKy_1395.csv","5y3KKy"
"5y3lDB_1495.csv","5y3lDB"
"5y3LRB_795.csv","5y3LRB"
"5y3LXB_807.csv","5y3LXB"
"5y3m82_1051.csv","5y3m82"
"5y3NDV_395.csv","5y3NDV"
"5y3njV_951.csv","5y3njV"
"5y3ozy_51.csv","5y3ozy"
"5y3PmB_595.csv","5y3PmB"
"5y3PpB_607.csv","5y3PpB"
"5y3qK2_1351.csv","5y3qK2"
"5y3ReV_151.csv","5y3ReV"
"5y3rmV_551.csv","5y3rmV"
"5y3veV_195.csv","5y3veV"
"5y3vKV_207.csv","5y3vKV"
"5y3WKy_251.csv","5y3WKy"
"5y3wRy_751.csv","5y3wRy"
"5y3XpB_695.csv","5y3XpB"
"5y3Ym2_507.csv","5y3Ym2"
"5y3YY2_495.csv","5y3YY2"
"5y3zDV_351.csv","5y3zDV"
"5y3ZeV_107.csv","5y3ZeV"
"5y3zV6_7.csv","5y3zV6"
"5y3ZzV_95.csv","5y3ZzV"
"72108B_723.csv","72108B"
"7211l2_1067.csv","7211l2"
"7213py_267.csv","7213py"
"7214ZB_1223.csv","7214ZB"
"7216XV_323.csv","7216XV"
"7217my_1123.csv","7217my"
"7218xB_867.csv","7218xB"
"721AX2_1423.csv","721AX2"
"721aX2_367.csv","721aX2"
"721DZB_123.csv","721DZB"
"721dZB_1267.csv","721dZB"
"721j6V_623.csv","721j6V"
"721JgV_923.csv","721JgV"
"721kmy_1167.csv","721kmy"
"721lPB_523.csv","721lPB"
"721LxB_823.csv","721LxB"
"721m2Q_23.csv","721m2Q"
"721ml2_1023.csv","721ml2"
"721nPV_567.csv","721nPV"
"721pZB_167.csv","721pZB"
"721qp2_1323.csv","721qp2"
"721RmV_67.csv","721RmV"
"721rXV_1467.csv","721rXV"
"721v4V_423.csv","721v4V"
"721Wgy_967.csv","721Wgy"
"721wpy_223.csv","721wpy"
"721X6B_667.csv","721X6B"
"721xpB_1367.csv","721xpB"
"721Y82_767.csv","721Y82"
"721z4V_467.csv","721z4V"
"7BO072_948.csv","7BO072"
"7BO16V_1248.csv","7BO16V"
"7BO3xB_48.csv","7BO3xB"
"7BO5ZV_348.csv","7BO5ZV"
"7BO6by_704.csv","7BO6by"
"7BO7eB_1092.csv","7BO7eB"
"7BO8b2_748.csv","7BO8b2"
"7BO9AV_448.csv","7BO9AV"
"7BOa7V_992.csv","7BOa7V"
"7BOaeV_1004.csv","7BOaeV"
"7BOAZV_392.csv","7BOAZV"
"7BOD62_1204.csv","7BOD62"
"7BODx2_1192.csv","7BODx2"
"7BOdZ2_1492.csv","7BOdZ2"
"7BOEbV_792.csv","7BOEbV"
"7BOEmV_804.csv","7BOEmV"
"7BOg1B_1348.csv","7BOg1B"
"7BOGjB_692.csv","7BOGjB"
"7BOjZy_1448.csv","7BOjZy"
"7BOk1B_1392.csv","7BOk1B"
"7BOkZB_1404.csv","7BOkZB"
"7BOLm2_848.csv","7BOLm2"
"7BOM6V_104.csv","7BOM6V"
"7BOmXV_548.csv","7BOmXV"
"7BOMxV_92.csv","7BOMxV"
"7BON6y_148.csv","7BON6y"
"7BOO1B_248.csv","7BOO1B"
"7BOoxB_1148.csv","7BOoxB"
"7BOpA2_492.csv","7BOpA2"
"7BOPe2_1048.csv","7BOPe2"
"7BOpX2_504.csv","7BOpX2"
"7BOQxV_1104.csv","7BOQxV"
"7BORAy_404.csv","7BORAy"
"7BOrjy_648.csv","7BOrjy"
"7BOv1y_292.csv","7BOv1y"
"7BOvZy_304.csv","7BOvZy"
"7BOW1B_1304.csv","7BOW1B"
"7BOW6B_1292.csv","7BOW6B"
"7BOwjB_604.csv","7BOwjB"
"7BOwXB_592.csv","7BOwXB"
"7BOx12_204.csv","7BOx12"
"7BOx2N_4.csv","7BOx2N"
"7BOx62_192.csv","7BOx62"
"7BOX72_904.csv","7BOX72"
"7BOXm2_892.csv","7BOXm2"
"7y01zB_1462.csv","7y01zB"
"7y03eV_1318.csv","7y03eV"
"7y04Zy_418.csv","7y04Zy"
"7y06z2_318.csv","7y06z2"
"7y07AV_1118.csv","7y07AV"
"7y08My_1062.csv","7y08My"
"7y09AB_62.csv","7y09AB"
"7y0ABQ_18.csv","7y0ABQ"
"7y0aeB_218.csv","7y0aeB"
"7y0AOB_818.csv","7y0AOB"
"7y0bL2_162.csv","7y0bL2"
"7y0dey_262.csv","7y0dey"
"7y0Dzy_1418.csv","7y0Dzy"
"7y0gLV_1218.csv","7y0gLV"
"7y0JG2_918.csv","7y0JG2"
"7y0jv2_718.csv","7y0jv2"
"7y0KGV_962.csv","7y0KGV"
"7y0Ley_1362.csv","7y0Ley"
"7y0lny_518.csv","7y0lny"
"7y0mMB_1018.csv","7y0mMB"
"7y0Nz2_362.csv","7y0Nz2"
"7y0OAV_1162.csv","7y0OAV"
"7y0onV_562.csv","7y0onV"
"7y0PLy_1262.csv","7y0PLy"
"7y0RL2_118.csv","7y0RL2"
"7y0rO2_862.csv","7y0rO2"
"7y0vR2_618.csv","7y0vR2"
"7y0XRy_662.csv","7y0XRy"
"7y0YvB_762.csv","7y0YvB"
"7y0zZ2_462.csv","7y0zZ2"
"8Bg0k2_112.csv","8Bg0k2"
"8Bg1pV_812.csv","8Bg1pV"
"8Bg3jB_1412.csv","8Bg3jB"
"8Bg4k2_1212.csv","8Bg4k2"
"8Bg5MV_1112.csv","8Bg5MV"
"8Bg6jy_312.csv","8Bg6jy"
"8Bg7QB_512.csv","8Bg7QB"
"8Bg8M2_56.csv","8Bg8M2"
"8Bg9rV_656.csv","8Bg9rV"
"8BgApV_856.csv","8BgApV"
"8BgazV_412.csv","8BgazV"
"8Bgdl2_1012.csv","8Bgdl2"
"8Bge3V_956.csv","8Bge3V"
"8BggjB_1456.csv","8BggjB"
"8Bgjby_212.csv","8Bgjby"
"8BgklB_1056.csv","8BgklB"
"8BgmkV_156.csv","8BgmkV"
"8BgMQV_556.csv","8BgMQV"
"8BgMVN_12.csv","8BgMVN"
"8BgNjy_356.csv","8BgNjy"
"8BgObB_1312.csv","8BgObB"
"8BgoMB_1156.csv","8BgoMB"
"8Bgp32_912.csv","8Bgp32"
"8BgQkV_1256.csv","8BgQkV"
"8BgRry_612.csv","8BgRry"
"8BgwbB_256.csv","8BgwbB"
"8BgWzB_456.csv","8BgWzB"
"8Bgxb2_1356.csv","8Bgxb2"
"8BgXN2_756.csv","8BgXN2"
"8BgzNy_712.csv","8BgzNy"
"9Bb0vV_389.csv","9Bb0vV"
"9Bb11y_945.csv","9Bb11y"
"9Bb3v2_1489.csv","9Bb3v2"
"9Bb4aV_801.csv","9Bb4aV"
"9Bb5wy_645.csv","9Bb5wy"
"9Bb7X2_545.csv","9Bb7X2"
"9Bb9qy_1145.csv","9Bb9qy"
"9BbA1y_901.csv","9BbA1y"
"9BbAay_889.csv","9BbAay"
"9BbaNy_401.csv","9BbaNy"
"9BbbkB_1345.csv","9BbbkB"
"9BbD3V_1045.csv","9BbD3V"
"9BbdqV_89.csv","9BbdqV"
"9BbdRV_101.csv","9BbdRV"
"9Bbga2_845.csv","9Bbga2"
"9BbJNB_489.csv","9BbJNB"
"9BbJXB_501.csv","9BbJXB"
"9Bbkq2_1101.csv","9Bbkq2"
"9BbKq2_1189.csv","9BbKq2"
"9BbKR2_1201.csv","9BbKR2"
"9BblkV_201.csv","9BblkV"
"9BbLRV_1245.csv","9BbLRV"
"9BblRV_189.csv","9BblRV"
"9BbMRy_145.csv","9BbMRy"
"9BbNkB_245.csv","9BbNkB"
"9Bbok2_1389.csv","9Bbok2"
"9BbON2_445.csv","9BbON2"
"9Bbov2_1401.csv","9Bbov2"
"9BbPkV_289.csv","9BbPkV"
"9BbpvV_1445.csv","9BbpvV"
"9BbPvV_301.csv","9BbPvV"
"9BbQny_745.csv","9BbQny"
"9Bbqqy_45.csv","9Bbqqy"
"9BbqyG_1.csv","9BbqyG"
"9BbRwB_601.csv","9BbRwB"
"9BbRXB_589.csv","9BbRXB"
"9Bbwk2_1301.csv","9Bbwk2"
"9BbwR2_1289.csv","9BbwR2"
"9BbWv2_345.csv","9BbWv2"
"9Bbx1V_989.csv","9Bbx1V"
"9Bbx3V_1001.csv","9Bbx3V"
"9BbXnV_789.csv","9BbXnV"
"9BbYny_701.csv","9BbYny"
"9BbYwy_689.csv","9BbYwy"
"9BbZ3B_1089.csv","9BbZ3B"
"a2m01B_1471.csv","a2m01B"
"a2m1R2_871.csv","a2m1R2"
"a2m41B_1427.csv","a2m41B"
"a2m7oy_1027.csv","a2m7oy"
"a2m9J2_627.csv","a2m9J2"
"a2map2_127.csv","a2map2"
"a2mAQ2_971.csv","a2mAQ2"
"a2mDEB_1127.csv","a2mDEB"
"a2mdRB_827.csv","a2mdRB"
"a2mE2E_27.csv","a2mE2E"
"a2mEp2_1227.csv","a2mEp2"
"a2meQ2_927.csv","a2meQ2"
"a2mgPy_1327.csv","a2mgPy"
"a2mJGV_527.csv","a2mJGV"
"a2mk7y_771.csv","a2mk7y"
"a2mLpB_1271.csv","a2mLpB"
"a2mM72_727.csv","a2mM72"
"a2mmP2_227.csv","a2mmP2"
"a2mnoV_1071.csv","a2mnoV"
"a2mNPV_271.csv","a2mNPV"
"a2moJy_671.csv","a2moJy"
"a2mP1B_327.csv","a2mP1B"
"a2mqP2_1371.csv","a2mqP2"
"a2mQp2_171.csv","a2mQp2"
"a2mrGV_571.csv","a2mrGV"
"a2mvEV_1171.csv","a2mvEV"
"a2mwqy_427.csv","a2mwqy"
"a2mXqB_471.csv","a2mXqB"
"a2mYE2_71.csv","a2mYE2"
"a2mZ1V_371.csv","a2mZ1V"
"AVj3Ny_1315.csv","AVj3Ny"
"AVj4ZB_1115.csv","AVj4ZB"
"AVj5w2_1415.csv","AVj5w2"
"AVj7ay_1015.csv","AVj7ay"
"AVj9M2_659.csv","AVj9M2"
"AVjaD2_159.csv","AVjaD2"
"AVjAQ2_459.csv","AVjAQ2"
"AVjd7B_815.csv","AVjd7B"
"AVjDDB_1215.csv","AVjDDB"
"AVje82_959.csv","AVje82"
"AVjgDy_115.csv","AVjgDy"
"AVjJqV_515.csv","AVjJqV"
"AVjjwV_1459.csv","AVjjwV"
"AVjk8y_915.csv","AVjk8y"
"AVjKay_1059.csv","AVjKay"
"AVjLDB_1259.csv","AVjLDB"
"AVjlQB_415.csv","AVjlQB"
"AVjoNy_215.csv","AVjoNy"
"AVjpJB_759.csv","AVjpJB"
"AVjPwB_359.csv","AVjPwB"
"AVjQ72_859.csv","AVjQ72"
"AVjrqV_559.csv","AVjrqV"
"AVjvZV_1159.csv","AVjvZV"
"AVjWNy_1359.csv","AVjWNy"
"AVjwwy_315.csv","AVjwwy"
"AVjXNB_259.csv","AVjXNB"
"AVjxZB_59.csv","AVjxZB"
"AVjYM2_615.csv","AVjYM2"
"AVjzJV_715.csv","AVjzJV"
"AVjZVa_15.csv","AVjZVa"
"b2N09y_582.csv","b2N09y"
"b2N43y_738.csv","b2N43y"
"b2N6n2_1438.csv","b2N6n2"
"b2N7LV_1082.csv","b2N7LV"
"b2N8oy_1238.csv","b2N8oy"
"b2N9RB_482.csv","b2N9RB"
"b2NanB_338.csv","b2NanB"
"b2NArB_938.csv","b2NArB"
"b2Ndky_882.csv","b2Ndky"
"b2NDRy_438.csv","b2NDRy"
"b2NELB_1038.csv","b2NELB"
"b2NG1V_238.csv","b2NG1V"
"b2NKoV_1282.csv","b2NKoV"
"b2Nlry_982.csv","b2Nlry"
"b2NLYy_1182.csv","b2NLYy"
"b2NMYB_1138.csv","b2NMYB"
"b2Nn12_1338.csv","b2Nn12"
"b2NNo2_138.csv","b2NNo2"
"b2NO1V_1382.csv","b2NO1V"
"b2No1V_282.csv","b2No1V"
"b2Nply_682.csv","b2Nply"
"b2NPny_1482.csv","b2NPny"
"b2Nrl2_638.csv","b2Nrl2"
"b2Nw3V_782.csv","b2Nw3V"
"b2NWnV_382.csv","b2NWnV"
"b2NX9y_538.csv","b2NX9y"
"b2Nxoy_182.csv","b2Nxoy"
"b2NYBX_38.csv","b2NYBX"
"b2Nzk2_838.csv","b2Nzk2"
"b2NZY2_82.csv","b2NZY2"
"b2Q132_1483.csv","b2Q132"
"b2Q3zy_1383.csv","b2Q3zy"
"b2Q4Bv_39.csv","b2Q4Bv"
"b2Q6zV_1339.csv","b2Q6zV"
"b2Q70y_1083.csv","b2Q70y"
"b2Q80B_1039.csv","b2Q80B"
"b2QA32_1439.csv","b2QA32"
"b2Qaz2_239.csv","b2Qaz2"
"b2QbOV_583.csv","b2QbOV"
"b2QD3B_339.csv","b2QD3B"
"b2QdvB_739.csv","b2QdvB"
"b2QgYy_483.csv","b2QgYy"
"b2QJ4V_1183.csv","b2QJ4V"
"b2Qk8y_683.csv","b2Qk8y"
"b2QKDy_139.csv","b2QKDy"
"b2QlkB_983.csv","b2QlkB"
"b2QM42_83.csv","b2QM42"
"b2QmO2_539.csv","b2QmO2"
"b2QnDV_1283.csv","b2QnDV"
"b2QNzV_283.csv","b2QNzV"
"b2Qovy_783.csv","b2Qovy"
"b2QPkB_939.csv","b2QPkB"
"b2QQ42_1139.csv","b2QQ42"
"b2Qr8V_639.csv","b2Qr8V"
"b2QRDV_1239.csv","b2QRDV"
"b2QW3y_383.csv","b2QW3y"
"b2QxDB_183.csv","b2QxDB"
"b2QXYB_439.csv","b2QXYB"
"b2QzKV_839.csv","b2QzKV"
"b2QZKV_883.csv","b2QZKV"
"d2605y_1214.csv","d2605y"
"d261PB_714.csv","d261PB"
"d2635V_158.csv","d2635V"
"d264Wy_1314.csv","d264Wy"
"d265MB_1158.csv","d265MB"
"d266A2_958.csv","d266A2"
"d267MV_1114.csv","d267MV"
"d269qB_558.csv","d269qB"
"d26aPB_758.csv","d26aPB"
"d26dpy_314.csv","d26dpy"
"d26eMB_58.csv","d26eMB"
"d26EWB_214.csv","d26EWB"
"d26G5V_114.csv","d26G5V"
"d26gLV_414.csv","d26gLV"
"d26Jp2_1458.csv","d26Jp2"
"d26l5y_1258.csv","d26l5y"
"d26Lxy_814.csv","d26Lxy"
"d26MbB_658.csv","d26MbB"
"d26MBM_14.csv","d26MBM"
"d26mGB_1014.csv","d26mGB"
"d26NW2_258.csv","d26NW2"
"d26OGV_1058.csv","d26OGV"
"d26opV_1414.csv","d26opV"
"d26PLy_458.csv","d26PLy"
"d26qWB_1358.csv","d26qWB"
"d26vx2_858.csv","d26vx2"
"d26wqV_514.csv","d26wqV"
"d26YAB_914.csv","d26YAB"
"d26Zb2_614.csv","d26Zb2"
"d26zp2_358.csv","d26zp2"
"D2D0N2_1060.csv","D2D0N2"
"D2D4A2_316.csv","D2D4A2"
"D2D5AV_1460.csv","D2D5AV"
"D2D6gy_116.csv","D2D6gy"
"D2D9OV_516.csv","D2D9OV"
"D2DAAV_360.csv","D2DAAV"
"D2DaxV_760.csv","D2DaxV"
"D2DbJy_1360.csv","D2DbJy"
"D2Dde2_916.csv","D2Dde2"
"D2DDJ2_260.csv","D2DDJ2"
"D2DGBY_16.csv","D2DGBY"
"D2DggB_1260.csv","D2DggB"
"D2DGxB_716.csv","D2DGxB"
"D2DkgB_1216.csv","D2DkgB"
"D2DKnB_616.csv","D2DKnB"
"D2DL02_816.csv","D2DL02"
"D2DMGV_60.csv","D2DMGV"
"D2DmJV_1316.csv","D2DmJV"
"D2DNJy_216.csv","D2DNJy"
"D2DOAB_1416.csv","D2DOAB"
"D2DoeB_960.csv","D2DoeB"
"D2DqdV_416.csv","D2DqdV"
"D2DQGV_1116.csv","D2DQGV"
"D2DrGy_1160.csv","D2DrGy"
"D2Dvdy_460.csv","D2Dvdy"
"D2DwgB_160.csv","D2DwgB"
"D2DWNB_1016.csv","D2DWNB"
"D2DXn2_660.csv","D2DXn2"
"D2DxO2_560.csv","D2DxO2"
"D2Dz0y_860.csv","D2Dz0y"
"EV45Qy_213.csv","EV45Qy"
"EV46RB_313.csv","EV46RB"
"EV47v2_1113.csv","EV47v2"
"EV49gy_857.csv","EV49gy"
"EV4b7B_113.csv","EV4b7B"
"EV4D7V_1213.csv","EV4D7V"
"EV4deV_413.csv","EV4deV"
"EV4edy_757.csv","EV4edy"
"EV4Evy_57.csv","EV4Evy"
"EV4gm2_957.csv","EV4gm2"
"EV4JmB_913.csv","EV4JmB"
"EV4k72_157.csv","EV4k72"
"EV4Kv2_1157.csv","EV4Kv2"
"EV4LgV_813.csv","EV4LgV"
"EV4lnV_513.csv","EV4lnV"
"EV4Mey_457.csv","EV4Mey"
"EV4mRy_1457.csv","EV4mRy"
"EV4nQB_1313.csv","EV4nQB"
"EV4NRB_357.csv","EV4NRB"
"EV4od2_713.csv","EV4od2"
"EV4pEV_1057.csv","EV4pEV"
"EV4PRV_1413.csv","EV4PRV"
"EV4qQy_1357.csv","EV4qQy"
"EV4r7B_1257.csv","EV4r7B"
"EV4RQB_257.csv","EV4RQB"
"EV4vBP_13.csv","EV4vBP"
"EV4vxB_613.csv","EV4vxB"
"EV4wn2_557.csv","EV4wn2"
"EV4YEy_1013.csv","EV4YEy"
"EV4zxB_657.csv","EV4zxB"
"Ey71w2_1431.csv","Ey71w2"
"Ey73Ky_975.csv","Ey73Ky"
"Ey74xB_475.csv","Ey74xB"
"Ey77gy_1131.csv","Ey77gy"
"Ey78lB_875.csv","Ey78lB"
"Ey79x2_431.csv","Ey79x2"
"Ey7aE2_775.csv","Ey7aE2"
"Ey7Aw2_375.csv","Ey7Aw2"
"Ey7bvV_575.csv","Ey7bvV"
"Ey7dXB_631.csv","Ey7dXB"
"Ey7Er2_1231.csv","Ey7Er2"
"Ey7eZ2_231.csv","Ey7eZ2"
"Ey7gyO_31.csv","Ey7gyO"
"Ey7gZy_1375.csv","Ey7gZy"
"Ey7GZy_275.csv","Ey7GZy"
"Ey7jKV_931.csv","Ey7jKV"
"Ey7k8y_1075.csv","Ey7k8y"
"Ey7Kwy_331.csv","Ey7Kwy"
"Ey7LlB_831.csv","Ey7LlB"
"Ey7mr2_1275.csv","Ey7mr2"
"Ey7ngV_1175.csv","Ey7ngV"
"Ey7Ogy_75.csv","Ey7Ogy"
"Ey7ovy_531.csv","Ey7ovy"
"Ey7PrB_131.csv","Ey7PrB"
"Ey7qZ2_1331.csv","Ey7qZ2"
"Ey7vrV_175.csv","Ey7vrV"
"Ey7w8y_1031.csv","Ey7w8y"
"Ey7XXB_675.csv","Ey7XXB"
"Ey7YE2_731.csv","Ey7YE2"
"Ey7zwV_1475.csv","Ey7zwV"
"eyl0Ry_1226.csv","eyl0Ry"
"eyl1GB_870.csv","eyl1GB"
"eyl59B_1070.csv","eyl59B"
"eyl6X2_326.csv","eyl6X2"
"eyl79V_1026.csv","eyl79V"
"eyl8vy_70.csv","eyl8vy"
"eyl9YB_626.csv","eyl9YB"
"eylaaB_270.csv","eylaaB"
"eylAXB_1470.csv","eylAXB"
"eylDmy_970.csv","eylDmy"
"eylEaB_226.csv","eylEaB"
"eylemB_926.csv","eylemB"
"eylgXV_1426.csv","eylgXV"
"eyljv2_1126.csv","eyljv2"
"eyllny_426.csv","eyllny"
"eylLRy_1270.csv","eylLRy"
"eylM4B_526.csv","eylM4B"
"eylmRB_126.csv","eylmRB"
"eylna2_1326.csv","eylna2"
"eylODV_770.csv","eylODV"
"eylPXy_370.csv","eylPXy"
"eylpYy_670.csv","eylpYy"
"eylqaB_1370.csv","eylqaB"
"eylQRB_170.csv","eylQRB"
"eylv2z_26.csv","eylv2z"
"eylvv2_1170.csv","eylvv2"
"eylw4V_570.csv","eylw4V"
"eylXGy_826.csv","eylXGy"
"eylYnB_470.csv","eylYnB"
"eylzD2_726.csv","eylzD2"
"gB50by_710.csv","gB50by"
"gB54qy_954.csv","gB54qy"
"gB55DB_1398.csv","gB55DB"
"gB57nV_1110.csv","gB57nV"
"gB58Ly_854.csv","gB58Ly"
"gB59EB_354.csv","gB59EB"
"gB5abB_754.csv","gB5abB"
"gB5AkB_1210.csv","gB5AkB"
"gB5AnB_1198.csv","gB5AnB"
"gB5bD2_298.csv","gB5bD2"
"gB5dEy_1410.csv","gB5dEy"
"gB5DEy_1498.csv","gB5DEy"
"gB5EkB_110.csv","gB5EkB"
"gB5EnB_98.csv","gB5EnB"
"gB5eWB_554.csv","gB5eWB"
"gB5gDV_1310.csv","gB5gDV"
"gB5gkV_1298.csv","gB5gkV"
"gB5GZV_1098.csv","gB5GZV"
"gB5jK2_654.csv","gB5jK2"
"gB5JL2_898.csv","gB5JL2"
"gB5Jq2_910.csv","gB5Jq2"
"gB5kqV_998.csv","gB5kqV"
"gB5kZV_1010.csv","gB5kZV"
"gB5Lby_798.csv","gB5Lby"
"gB5ljy_498.csv","gB5ljy"
"gB5LLy_810.csv","gB5LLy"
"gB5lWy_510.csv","gB5lWy"
"gB5MkB_154.csv","gB5MkB"
"gB5mZB_1054.csv","gB5mZB"
"gB5n23_10.csv","gB5n23"
"gB5NE2_310.csv","gB5NE2"
"gB5nj2_454.csv","gB5nj2"
"gB5oKV_610.csv","gB5oKV"
"gB5oWV_598.csv","gB5oWV"
"gB5pny_54.csv","gB5pny"
"gB5qDB_1354.csv","gB5qDB"
"gB5Rk2_1254.csv","gB5Rk2"
"gB5vE2_398.csv","gB5vE2"
"gB5vj2_410.csv","gB5vj2"
"gB5wEV_1454.csv","gB5wEV"
"gB5WnV_1154.csv","gB5WnV"
"gB5xDy_210.csv","gB5xDy"
"gB5xky_198.csv","gB5xky"
"gB5XKy_698.csv","gB5XKy"
"gB5YDB_254.csv","gB5YDB"
"JV91bV_380.csv","JV91bV"
"JV933B_1080.csv","JV933B"
"JV94m2_1180.csv","JV94m2"
"JV96My_1380.csv","JV96My"
"JV97mB_1136.csv","JV97mB"
"JV9852_836.csv","JV9852"
"JV993V_1036.csv","JV993V"
"JV9aRV_780.csv","JV9aRV"
"JV9ArV_936.csv","JV9ArV"
"JV9bey_1236.csv","JV9bey"
"JV9De2_1280.csv","JV9De2"
"JV9EeV_136.csv","JV9EeV"
"JV9eeV_180.csv","JV9eeV"
"JV9G1B_580.csv","JV9G1B"
"JV9J5y_880.csv","JV9J5y"
"JV9jJy_636.csv","JV9jJy"
"JV9kMB_280.csv","JV9kMB"
"JV9l02_480.csv","JV9l02"
"JV9MRV_736.csv","JV9MRV"
"JV9mVq_36.csv","JV9mVq"
"JV9N0y_436.csv","JV9N0y"
"JV9qMV_1336.csv","JV9qMV"
"JV9r1y_536.csv","JV9r1y"
"JV9Rby_1436.csv","JV9Rby"
"JV9vby_1480.csv","JV9vby"
"JV9WrB_980.csv","JV9WrB"
"JV9XJ2_680.csv","JV9XJ2"
"JV9xm2_80.csv","JV9xm2"
"JV9YMV_236.csv","JV9YMV"
"JV9zby_336.csv","JV9zby"
"Ky80Ly_722.csv","Ky80Ly"
"Ky81OB_622.csv","Ky81OB"
"Ky84ky_1366.csv","Ky84ky"
"Ky871V_1466.csv","Ky871V"
"Ky88qy_866.csv","Ky88qy"
"Ky89gB_422.csv","Ky89gB"
"Ky8aLB_766.csv","Ky8aLB"
"Ky8bn2_522.csv","Ky8bn2"
"Ky8DGy_966.csv","Ky8DGy"
"Ky8dKy_66.csv","Ky8dKy"
"Ky8eRB_1022.csv","Ky8eRB"
"Ky8gKV_1166.csv","Ky8gKV"
"Ky8JG2_922.csv","Ky8JG2"
"Ky8kEV_122.csv","Ky8kEV"
"Ky8KVM_22.csv","Ky8KVM"
"Ky8Lqy_822.csv","Ky8Lqy"
"Ky8M1B_366.csv","Ky8M1B"
"Ky8Nk2_222.csv","Ky8Nk2"
"Ky8OkV_266.csv","Ky8OkV"
"Ky8PEy_1222.csv","Ky8PEy"
"Ky8qkB_1322.csv","Ky8qkB"
"Ky8r12_1422.csv","Ky8r12"
"Ky8Rg2_466.csv","Ky8Rg2"
"Ky8vn2_566.csv","Ky8vn2"
"Ky8WEV_166.csv","Ky8WEV"
"Ky8XOy_666.csv","Ky8XOy"
"Ky8xRy_1066.csv","Ky8xRy"
"Ky8YKB_1122.csv","Ky8YKB"
"Ky8z12_322.csv","Ky8z12"
"Ky8ZE2_1266.csv","Ky8ZE2"
"LyZ0a2_388.csv","LyZ0a2"
"LyZ17V_1344.csv","LyZ17V"
"LyZ472_200.csv","LyZ472"
"LyZ4q2_188.csv","LyZ4q2"
"LyZ5LV_600.csv","LyZ5LV"
"LyZ5RV_588.csv","LyZ5RV"
"LyZ6Ly_688.csv","LyZ6Ly"
"LyZ6ny_700.csv","LyZ6ny"
"LyZ7lB_1088.csv","LyZ7lB"
"LyZA9V_88.csv","LyZA9V"
"LyZAqV_100.csv","LyZAqV"
"LyZbqy_144.csv","LyZbqy"
"LyZD72_1388.csv","LyZD72"
"LyZd92_44.csv","LyZd92"
"LyZDa2_1400.csv","LyZDa2"
"LyZE4V_1500.csv","LyZE4V"
"LyZg4B_400.csv","LyZg4B"
"LyZj4y_488.csv","LyZj4y"
"LyZJ9y_1144.csv","LyZJ9y"
"LyZjRy_500.csv","LyZjRy"
"LyZk0B_800.csv","LyZk0B"
"LyZla2_1444.csv","LyZla2"
"LyZLq2_1244.csv","LyZLq2"
"LyZm7V_244.csv","LyZm7V"
"LyZMaV_344.csv","LyZMaV"
"LyZN7y_288.csv","LyZN7y"
"LyZNay_300.csv","LyZNay"
"LyZO0B_844.csv","LyZO0B"
"LyZolB_1044.csv","LyZolB"
"LyZP72_1300.csv","LyZP72"
"LyZpL2_644.csv","LyZpL2"
"LyZPq2_1288.csv","LyZPq2"
"LyZQ9V_1100.csv","LyZQ9V"
"LyZqRV_544.csv","LyZqRV"
"LyZRny_744.csv","LyZRny"
"LyZvay_1488.csv","LyZvay"
"LyZW0B_888.csv","LyZW0B"
"LyZw4B_444.csv","LyZw4B"
"LyZWWB_900.csv","LyZWWB"
"LyZXn2_788.csv","LyZXn2"
"LyZYlV_1000.csv","LyZYlV"
"LyZYWV_988.csv","LyZYWV"
"LyZZ9y_1188.csv","LyZZ9y"
"LyZZqy_1200.csv","LyZZqy"
"LyZzWy_944.csv","LyZzWy"
"MBK072_596.csv","MBK072"
"MBK0e2_608.csv","MBK0e2"
"MBK1qV_308.csv","MBK1qV"
"MBK4o2_108.csv","MBK4o2"
"MBK4x2_96.csv","MBK4x2"
"MBK5GV_708.csv","MBK5GV"
"MBK6Ey_952.csv","MBK6Ey"
"MBK79B_1096.csv","MBK79B"
"MBKaGV_752.csv","MBKaGV"
"MBKAqV_1452.csv","MBKAqV"
"MBKbny_1396.csv","MBKbny"
"MBKD92_1052.csv","MBKD92"
"MBKEoV_1252.csv","MBKEoV"
"MBKGnB_208.csv","MBKGnB"
"MBKgoB_1208.csv","MBKgoB"
"MBKGoB_196.csv","MBKGoB"
"MBKgxB_1196.csv","MBKgxB"
"MBKj7y_552.csv","MBKj7y"
"MBKknB_1308.csv","MBKknB"
"MBKKnB_1352.csv","MBKKnB"
"MBKkoB_1296.csv","MBKkoB"
"MBKL92_1008.csv","MBKL92"
"MBKLE2_996.csv","MBKLE2"
"MBKM7V_508.csv","MBKM7V"
"MBKmjV_452.csv","MBKmjV"
"MBKMjV_496.csv","MBKMjV"
"MBKN5y_852.csv","MBKN5y"
"MBKnqy_1408.csv","MBKnqy"
"MBKo5B_896.csv","MBKo5B"
"MBKoEB_908.csv","MBKoEB"
"MBKOqB_1496.csv","MBKOqB"
"MBKPe2_696.csv","MBKPe2"
"MBKpx2_52.csv","MBKpx2"
"MBKQxV_1108.csv","MBKQxV"
"MBKrey_652.csv","MBKrey"
"MBKRjy_408.csv","MBKRjy"
"MBKRqy_396.csv","MBKRqy"
"MBKvoy_152.csv","MBKvoy"
"MBKw5B_808.csv","MBKw5B"
"MBKwGB_796.csv","MBKwGB"
"MBKx29_8.csv","MBKx29"
"MBKxq2_352.csv","MBKxq2"
"MBKXx2_1152.csv","MBKXx2"
"MBKYnV_296.csv","MBKYnV"
"MBKZny_252.csv","MBKZny"
"MVd0aV_1021.csv","MVd0aV"
"MVd14y_965.csv","MVd14y"
"MVd1yn_21.csv","MVd1yn"
"MVd312_1121.csv","MVd312"
"MVd5Wy_1221.csv","MVd5Wy"
"MVd6bB_865.csv","MVd6bB"
"MVd712_65.csv","MVd712"
"MVd9qy_521.csv","MVd9qy"
"MVda3y_421.csv","MVda3y"
"MVdE4y_921.csv","MVdE4y"
"MVdG72_1321.csv","MVdG72"
"MVdgm2_621.csv","MVdgm2"
"MVdjbB_821.csv","MVdjbB"
"MVdl7V_1365.csv","MVdl7V"
"MVdLWV_1265.csv","MVdLWV"
"MVdm7y_221.csv","MVdm7y"
"MVdMRy_321.csv","MVdMRy"
"MVdNRB_365.csv","MVdNRB"
"MVdnWB_121.csv","MVdnWB"
"MVdOR2_1421.csv","MVdOR2"
"MVdpaV_1065.csv","MVdpaV"
"MVdPWV_165.csv","MVdPWV"
"MVdQ1y_1165.csv","MVdQ1y"
"MVdrqB_565.csv","MVdrqB"
"MVdWR2_1465.csv","MVdWR2"
"MVdx3V_465.csv","MVdx3V"
"MVdXXV_765.csv","MVdXXV"
"MVdYmy_665.csv","MVdYmy"
"MVdZ7B_265.csv","MVdZ7B"
"MVdzXB_721.csv","MVdzXB"
"Myv032_576.csv","Myv032"
"Myv3WB_176.csv","Myv3WB"
"Myv5WV_132.csv","Myv5WV"
"Myv6xy_776.csv","Myv6xy"
"Myv82O_32.csv","Myv82O"
"Myv8P2_1432.csv","Myv8P2"
"Myv9DV_432.csv","Myv9DV"
"MyvaQV_876.csv","MyvaQV"
"MyvEWV_1276.csv","MyvEWV"
"MyveYV_932.csv","MyveYV"
"MyvGKB_232.csv","MyvGKB"
"MyvgkB_676.csv","MyvgkB"
"MyvK3B_532.csv","MyvK3B"
"MyvkxB_732.csv","MyvkxB"
"MyvlD2_476.csv","MyvlD2"
"MyvmPV_1476.csv","MyvmPV"
"MyvNKy_1376.csv","MyvNKy"
"MyvoKB_1332.csv","MyvoKB"
"MyvOYB_976.csv","MyvOYB"
"MyvPA2_1076.csv","MyvPA2"
"Myvpk2_632.csv","Myvpk2"
"MyvRKy_276.csv","MyvRKy"
"MyvrPy_332.csv","MyvrPy"
"Myvv8y_1176.csv","Myvv8y"
"Myvw8B_76.csv","Myvw8B"
"MyvXA2_1032.csv","MyvXA2"
"MyvxW2_1232.csv","MyvxW2"
"MyvYPV_376.csv","MyvYPV"
"MyvZ8y_1132.csv","MyvZ8y"
"MyvzQy_832.csv","MyvzQy"
"n2P0p2_220.csv","n2P0p2"
"n2P1bV_920.csv","n2P1bV"
"n2P1VX_20.csv","n2P1VX"
"n2P3DB_164.csv","n2P3DB"
"n2P4p2_1320.csv","n2P4p2"
"n2P892_1464.csv","n2P892"
"n2P9eV_564.csv","n2P9eV"
"n2Pa9V_320.csv","n2Pa9V"
"n2PADV_1220.csv","n2PADV"
"n2PD92_1420.csv","n2PD92"
"n2PdX2_1020.csv","n2PdX2"
"n2PEbV_964.csv","n2PEbV"
"n2PGeB_520.csv","n2PGeB"
"n2PJ1y_1164.csv","n2PJ1y"
"n2Pjjy_720.csv","n2Pjjy"
"n2PK1B_64.csv","n2PK1B"
"n2PMDV_120.csv","n2PMDV"
"n2PnNy_420.csv","n2PnNy"
"n2PNXy_1064.csv","n2PNXy"
"n2POkB_664.csv","n2POkB"
"n2PPr2_820.csv","n2PPr2"
"n2PQ1V_1120.csv","n2PQ1V"
"n2PrDy_1264.csv","n2PrDy"
"n2PRNy_464.csv","n2PRNy"
"n2Pvpy_264.csv","n2Pvpy"
"n2PwkB_620.csv","n2PwkB"
"n2PX92_364.csv","n2PX92"
"n2Pxp2_1364.csv","n2Pxp2"
"n2PYjV_764.csv","n2PYjV"
"n2Pzry_864.csv","n2Pzry"
"nye1Ry_937.csv","nye1Ry"
"nye362_481.csv","nye362"
"nye41V_637.csv","nye41V"
"nye5py_1481.csv","nye5py"
"nye7L2_81.csv","nye7L2"
"nye9dy_1237.csv","nye9dy"
"nyea6y_437.csv","nyea6y"
"nyebXB_281.csv","nyebXB"
"nyedXV_237.csv","nyedXV"
"nyeEKy_1037.csv","nyeEKy"
"nyeGK2_1081.csv","nyeGK2"
"nyej7B_837.csv","nyej7B"
"nyeKL2_1137.csv","nyeKL2"
"nyekp2_1437.csv","nyekp2"
"nyeldV_181.csv","nyeldV"
"nyeLVw_37.csv","nyeLVw"
"nyeMpy_337.csv","nyeMpy"
"nyemXy_1381.csv","nyemXy"
"nyeOX2_1337.csv","nyeOX2"
"nyepdV_1281.csv","nyepdV"
"nyePpV_381.csv","nyePpV"
"nyeQ1y_681.csv","nyeQ1y"
"nyeq5y_737.csv","nyeq5y"
"nyeraB_537.csv","nyeraB"
"nyeRaB_581.csv","nyeRaB"
"nyevLB_1181.csv","nyevLB"
"nyewd2_137.csv","nyewd2"
"nyeWR2_981.csv","nyeWR2"
"nyeX5V_781.csv","nyeX5V"
"nyeZ7B_881.csv","nyeZ7B"
"NyG1K2_203.csv","NyG1K2"
"NyG1P2_191.csv","NyG1P2"
"NyG3Gy_1447.csv","NyG3Gy"
"NyG5g2_947.csv","NyG5g2"
"NyG7Py_103.csv","NyG7Py"
"NyG7qy_91.csv","NyG7qy"
"NyG9Y2_491.csv","NyG9Y2"
"NyG9z2_503.csv","NyG9z2"
"NyGAG2_303.csv","NyGAG2"
"NyGAK2_291.csv","NyGAK2"
"NyGaw2_603.csv","NyGaw2"
"NyGaz2_591.csv","NyGaz2"
"NyGbKV_1303.csv","NyGbKV"
"NyGbPV_1291.csv","NyGbPV"
"NyGd8B_1091.csv","NyGd8B"
"NyGDKB_247.csv","NyGDKB"
"NyGE92_803.csv","NyGE92"
"NyGg8y_1047.csv","NyGg8y"
"NyGjPV_1247.csv","NyGjPV"
"NyGJqV_1147.csv","NyGJqV"
"NyGKPy_1203.csv","NyGKPy"
"NyGKqy_1191.csv","NyGKqy"
"NyGL4B_791.csv","NyGL4B"
"NyGmq2_47.csv","NyGmq2"
"NyGMY2_447.csv","NyGMY2"
"NyGN8V_1003.csv","NyGN8V"
"NyGNgV_991.csv","NyGNgV"
"NyGnwV_647.csv","NyGnwV"
"NyGoGy_1491.csv","NyGoGy"
"NyGOKy_1347.csv","NyGOKy"
"NyGP4B_703.csv","NyGP4B"
"NyGpGB_391.csv","NyGpGB"
"NyGPwB_691.csv","NyGPwB"
"NyGq2d_3.csv","NyGq2d"
"NyGqP2_147.csv","NyGqP2"
"NyGQq2_1103.csv","NyGQq2"
"NyGr9V_891.csv","NyGr9V"
"NyGrgV_903.csv","NyGrgV"
"NyGwGy_1403.csv","NyGwGy"
"NyGwKy_1391.csv","NyGwKy"
"NyGWzy_547.csv","NyGWzy"
"NyGx4B_747.csv","NyGx4B"
"NyGXYB_403.csv","NyGXYB"
"NyGYG2_347.csv","NyGYG2"
"NyGz9V_847.csv","NyGz9V"
"Nyp0Jy_346.csv","Nyp0Jy"
"Nyp1aB_846.csv","Nyp1aB"
"Nyp49y_1290.csv","Nyp49y"
"Nyp4vy_1302.csv","Nyp4vy"
"Nyp632_1090.csv","Nyp632"
"Nyp73V_1046.csv","Nyp73V"
"Nyp89y_1202.csv","Nyp89y"
"Nyp8by_1190.csv","Nyp8by"
"Nyp9jB_646.csv","Nyp9jB"
"NypaLB_446.csv","NypaLB"
"Nypb2v_2.csv","Nypb2v"
"Nypb92_102.csv","Nypb92"
"Nypbb2_90.csv","Nypbb2"
"NypDJy_1446.csv","NypDJy"
"NypdJy_1490.csv","NypdJy"
"NypEbB_1102.csv","NypEbB"
"NypePB_946.csv","NypePB"
"NypGJV_390.csv","NypGJV"
"NypgLV_490.csv","NypgLV"
"NypgMV_502.csv","NypgMV"
"Nypjv2_1346.csv","Nypjv2"
"NypKAV_790.csv","NypKAV"
"NypLJy_302.csv","NypLJy"
"Nypljy_602.csv","Nypljy"
"NyplMy_590.csv","NyplMy"
"NypLvy_290.csv","NypLvy"
"NypMaB_802.csv","NypMaB"
"NypmvB_246.csv","NypmvB"
"NypN92_190.csv","NypN92"
"Nypna2_890.csv","Nypna2"
"NypnP2_902.csv","NypnP2"
"NypNv2_202.csv","NypNv2"
"NypObV_46.csv","NypObV"
"NypP3y_1002.csv","NypP3y"
"NyppMy_546.csv","NyppMy"
"NypPPy_990.csv","NypPPy"
"NypQ9B_146.csv","NypQ9B"
"NypqJB_1402.csv","NypqJB"
"NypqvB_1390.csv","NypqvB"
"NyprL2_402.csv","NyprL2"
"Nypvb2_1146.csv","Nypvb2"
"NypxAy_702.csv","NypxAy"
"Nypxjy_690.csv","Nypxjy"
"NypZ92_1246.csv","NypZ92"
"NypzA2_746.csv","NypzA2"
"OBw3B9_28.csv","OBw3B9"
"OBw3ZB_1272.csv","OBw3ZB"
"OBw4W2_672.csv","OBw4W2"
"OBw5ZV_128.csv","OBw5ZV"
"OBw7xB_1028.csv","OBw7xB"
"OBw8m2_1328.csv","OBw8m2"
"OBwaAV_828.csv","OBwaAV"
"OBwb3y_1128.csv","OBwb3y"
"OBwdx2_1072.csv","OBwdx2"
"OBwE0V_328.csv","OBwE0V"
"OBweYV_928.csv","OBweYV"
"OBwGWB_628.csv","OBwGWB"
"OBwjdy_772.csv","OBwjdy"
"OBwJoy_428.csv","OBwJoy"
"OBwK3B_72.csv","OBwK3B"
"OBwkYB_972.csv","OBwkYB"
"OBwlA2_872.csv","OBwlA2"
"OBwLn2_572.csv","OBwLn2"
"OBwm0V_372.csv","OBwm0V"
"OBwNZy_172.csv","OBwNZy"
"OBwo0B_1428.csv","OBwo0B"
"OBwOmB_228.csv","OBwOmB"
"OBwpZ2_1228.csv","OBwpZ2"
"OBwqmV_1372.csv","OBwqmV"
"OBwRmy_272.csv","OBwRmy"
"OBww0B_1472.csv","OBww0B"
"OBwWnB_528.csv","OBwWnB"
"OBwX32_1172.csv","OBwX32"
"OBwxd2_728.csv","OBwxd2"
"OBwzoy_472.csv","OBwzoy"
"OyA0EV_261.csv","OyA0EV"
"OyA1Oy_417.csv","OyA1Oy"
"OyA312_1461.csv","OyA312"
"OyA53y_517.csv","OyA53y"
"OyA61B_317.csv","OyA61B"
"OyA7a2_1117.csv","OyA7a2"
"OyAany_761.csv","OyAany"
"OyAayd_17.csv","OyAayd"
"OyAdaV_1161.csv","OyAdaV"
"OyAe7y_817.csv","OyAe7y"
"OyAG32_561.csv","OyAG32"
"OyAj0B_1061.csv","OyAj0B"
"OyAJ1B_361.csv","OyAJ1B"
"OyAkm2_617.csv","OyAkm2"
"OyAmay_61.csv","OyAmay"
"OyAMQy_917.csv","OyAMQy"
"OyANmB_661.csv","OyANmB"
"OyAo12_1417.csv","OyAo12"
"OyAOQ2_961.csv","OyAOQ2"
"OyAprV_1217.csv","OyAprV"
"OyAqEy_1361.csv","OyAqEy"
"OyAR7B_861.csv","OyAR7B"
"OyArEB_1317.csv","OyArEB"
"OyAvOB_461.csv","OyAvOB"
"OyAWr2_1261.csv","OyAWr2"
"OyAx0V_1017.csv","OyAx0V"
"OyAXrV_117.csv","OyAXrV"
"OyAYry_161.csv","OyAYry"
"OyAzEB_217.csv","OyAzEB"
"OyAZnB_717.csv","OyAZnB"
"PVn0kB_1011.csv","PVn0kB"
"PVn0qB_999.csv","PVn0qB"
"PVn4lB_1355.csv","PVn4lB"
"PVn5O2_411.csv","PVn5O2"
"PVn5Y2_399.csv","PVn5Y2"
"PVn6YV_1411.csv","PVn6YV"
"PVn8MB_111.csv","PVn8MB"
"PVn8rB_99.csv","PVn8rB"
"PVn9G2_655.csv","PVn9G2"
"PVnaG2_611.csv","PVnaG2"
"PVnaP2_599.csv","PVnaP2"
"PVnAr2_1111.csv","PVnAr2"
"PVnbYV_355.csv","PVnbYV"
"PVnDlB_299.csv","PVnDlB"
"PVndwB_799.csv","PVndwB"
"PVndXB_811.csv","PVndXB"
"PVneq2_955.csv","PVneq2"
"PVnEY2_1455.csv","PVnEY2"
"PVngky_1099.csv","PVngky"
"PVnJlV_255.csv","PVnJlV"
"PVnLMB_1255.csv","PVnLMB"
"PVnMk2_1055.csv","PVnMk2"
"PVnnlV_1311.csv","PVnnlV"
"PVnnMV_1299.csv","PVnnMV"
"PVnOGy_699.csv","PVnOGy"
"PVnoYy_1499.csv","PVnoYy"
"PVnplB_211.csv","PVnplB"
"PVnPMB_1211.csv","PVnPMB"
"PVnpMB_199.csv","PVnpMB"
"PVnPrB_1199.csv","PVnPrB"
"PVnql2_1399.csv","PVnql2"
"PVnQr2_55.csv","PVnQr2"
"PVnROV_455.csv","PVnROV"
"PVnrOV_499.csv","PVnrOV"
"PVnrPV_511.csv","PVnrPV"
"PVnrVo_11.csv","PVnrVo"
"PVnvrV_1155.csv","PVnvrV"
"PVnWqy_911.csv","PVnWqy"
"PVnWXy_899.csv","PVnWXy"
"PVnwYy_311.csv","PVnwYy"
"PVnxwB_755.csv","PVnxwB"
"PVnXXB_855.csv","PVnXXB"
"PVnYM2_155.csv","PVnYM2"
"PVnZPV_555.csv","PVnZPV"
"PVnzwV_711.csv","PVnzwV"
"Pyo03B_1143.csv","Pyo03B"
"Pyo1R2_843.csv","Pyo1R2"
"Pyo3ym_43.csv","Pyo3ym"
"Pyo4qB_1087.csv","Pyo4qB"
"Pyo5R2_887.csv","Pyo5R2"
"Pyo67V_1343.csv","Pyo67V"
"Pyo7qy_1043.csv","Pyo7qy"
"Pyo8JB_143.csv","Pyo8JB"
"Pyo9d2_643.csv","Pyo9d2"
"Pyoa32_87.csv","Pyoa32"
"PyoA82_443.csv","PyoA82"
"PyobkV_543.csv","PyobkV"
"Pyoe12_943.csv","Pyoe12"
"PyoE12_987.csv","PyoE12"
"PyogJy_1287.csv","PyogJy"
"PyoGJy_187.csv","PyoGJy"
"PyoJ8V_487.csv","PyoJ8V"
"PyojmV_1443.csv","PyojmV"
"Pyokdy_687.csv","Pyokdy"
"PyoLJB_1243.csv","PyoLJB"
"PyolkB_587.csv","PyolkB"
"PyoM32_1187.csv","PyoM32"
"Pyon7V_243.csv","Pyon7V"
"PyooOy_787.csv","PyooOy"
"PyoPmB_1487.csv","PyoPmB"
"PyopmB_387.csv","PyopmB"
"Pyoq72_1387.csv","Pyoq72"
"PyoRmV_343.csv","PyoRmV"
"PyoX7B_287.csv","PyoX7B"
"PyozOV_743.csv","PyozOV"
"QBR08V_1425.csv","QBR08V"
"QBR1vy_925.csv","QBR1vy"
"QBR3D2_125.csv","QBR3D2"
"QBR44V_225.csv","QBR44V"
"QBR7p2_1069.csv","QBR7p2"
"QBR81V_769.csv","QBR81V"
"QBRAgy_469.csv","QBRAgy"
"QBRaQy_1169.csv","QBRaQy"
"QBRd4V_269.csv","QBRd4V"
"QBREDy_1225.csv","QBREDy"
"QBRj4B_1325.csv","QBRj4B"
"QBRK42_1369.csv","QBRK42"
"QBRk92_525.csv","QBRk92"
"QBRlDV_1269.csv","QBRlDV"
"QBRmry_825.csv","QBRmry"
"QBROD2_169.csv","QBROD2"
"QBRoq2_625.csv","QBRoq2"
"QBRP1V_725.csv","QBRP1V"
"QBRqgy_425.csv","QBRqgy"
"QBRQQy_1125.csv","QBRQQy"
"QBRQyq_25.csv","QBRQyq"
"QBRr8B_1469.csv","QBRr8B"
"QBRR9B_569.csv","QBRR9B"
"QBRvQB_69.csv","QBRvQB"
"QBRW82_369.csv","QBRW82"
"QBRwv2_969.csv","QBRwv2"
"QBRX8V_325.csv","QBRX8V"
"QBRxqV_669.csv","QBRxqV"
"QBRZpB_1025.csv","QBRZpB"
"QBRzrB_869.csv","QBRzrB"
"QyY3a2_1033.csv","QyY3a2"
"QyY4XV_677.csv","QyY4XV"
"QyY72v_33.csv","QyY72v"
"QyY7Q2_1477.csv","QyY7Q2"
"QyY8WV_1333.csv","QyY8WV"
"QyYA7y_77.csv","QyYA7y"
"QyYagy_933.csv","QyYagy"
"QyYbXB_633.csv","QyYbXB"
"QyYDWV_233.csv","QyYDWV"
"QyYEAy_1277.csv","QyYEAy"
"QyYg12_433.csv","QyYg12"
"QyYGp2_877.csv","QyYGp2"
"QyYJ7B_1177.csv","QyYJ7B"
"QyYjWB_1377.csv","QyYjWB"
"QyYLAV_1233.csv","QyYLAV"
"QyYmgy_977.csv","QyYmgy"
"QyYNAB_177.csv","QyYNAB"
"QyYnQB_333.csv","QyYnQB"
"QyYOp2_833.csv","QyYOp2"
"QyYPEV_733.csv","QyYPEV"
"QyYQ7y_1133.csv","QyYQ7y"
"QyYqQy_377.csv","QyYqQy"
"QyYRQB_1433.csv","QyYRQB"
"QyYvWB_277.csv","QyYvWB"
"QyYw12_477.csv","QyYw12"
"QyYWD2_577.csv","QyYWD2"
"QyYXEV_777.csv","QyYXEV"
"QyYYay_1077.csv","QyYYay"
"QyYZAB_133.csv","QyYZAB"
"QyYzDB_533.csv","QyYzDB"
"r2W06V_353.csv","r2W06V"
"r2W16y_1409.csv","r2W16y"
"r2W3d2_609.csv","r2W3d2"
"r2W3Q2_597.csv","r2W3Q2"
"r2W4JV_1397.csv","r2W4JV"
"r2W53y_497.csv","r2W53y"
"r2W5Qy_509.csv","r2W5Qy"
"r2W6gB_53.csv","r2W6gB"
"r2W7Z2_1097.csv","r2W7Z2"
"r2W8gV_97.csv","r2W8gV"
"r2W8vV_109.csv","r2W8vV"
"r2W9Jy_297.csv","r2W9Jy"
"r2Wa6y_309.csv","r2Wa6y"
"r2WAJy_1309.csv","r2WAJy"
"r2WAvy_1297.csv","r2WAvy"
"r2WbXB_853.csv","r2WbXB"
"r2WD6V_1497.csv","r2WD6V"
"r2Wg2D_9.csv","r2Wg2D"
"r2Wg32_409.csv","r2Wg32"
"r2Wg62_397.csv","r2Wg62"
"r2WJ6B_1453.csv","r2WJ6B"
"r2WjJB_209.csv","r2WjJB"
"r2WjvB_197.csv","r2WjvB"
"r2WkZ2_1053.csv","r2WkZ2"
"r2WlAV_997.csv","r2WlAV"
"r2WLvV_1253.csv","r2WLvV"
"r2WlZV_1009.csv","r2WlZV"
"r2Wmdy_653.csv","r2Wmdy"
"r2WMJy_253.csv","r2WMJy"
"r2WndB_697.csv","r2WndB"
"r2WoM2_797.csv","r2WoM2"
"r2WoX2_809.csv","r2WoX2"
"r2WPJV_1353.csv","r2WPJV"
"r2WQgy_1109.csv","r2WQgy"
"r2WrgB_1197.csv","r2WrgB"
"r2WRQB_553.csv","r2WRQB"
"r2WrvB_1209.csv","r2WrvB"
"r2WvAB_953.csv","r2WvAB"
"r2Ww32_453.csv","r2Ww32"
"r2WWv2_153.csv","r2WWv2"
"r2WxAV_909.csv","r2WxAV"
"r2WXMV_753.csv","r2WXMV"
"r2WxXV_897.csv","r2WxXV"
"r2WYgy_1153.csv","r2WYgy"
"r2WzMB_709.csv","r2WzMB"
"rBa1kB_1386.csv","rBa1kB"
"rBa9ZB_1086.csv","rBa9ZB"
"rBaAkB_286.csv","rBaAkB"
"rBabl2_1442.csv","rBabl2"
"rBaDAy_886.csv","rBaDAy"
"rBadpy_86.csv","rBadpy"
"rBaEWB_542.csv","rBaEWB"
"rBaGPV_442.csv","rBaGPV"
"rBajZ2_1042.csv","rBajZ2"
"rBakgV_986.csv","rBakgV"
"rBaLGy_1242.csv","rBaLGy"
"rBamGB_1286.csv","rBamGB"
"rBaMlB_342.csv","rBaMlB"
"rBanA2_842.csv","rBanA2"
"rBaNP2_486.csv","rBaNP2"
"rBaoGV_142.csv","rBaoGV"
"rBaOpV_1142.csv","rBaOpV"
"rBapy3_42.csv","rBapy3"
"rBaqGB_186.csv","rBaqGB"
"rBaQkB_242.csv","rBaQkB"
"rBarg2_942.csv","rBarg2"
"rBaRW2_586.csv","rBaRW2"
"rBavp2_1186.csv","rBavp2"
"rBawlV_386.csv","rBawlV"
"rBaWvV_642.csv","rBaWvV"
"rBaX6y_786.csv","rBaX6y"
"rBaxly_1486.csv","rBaxly"
"rBaYvB_686.csv","rBaYvB"
"rBaz62_742.csv","rBaz62"
"rBaZk2_1342.csv","rBaZk2"
"RVX0jV_1285.csv","RVX0jV"
"RVX1Xy_941.csv","RVX1Xy"
"RVX342_885.csv","RVX342"
"RVX41V_241.csv","RVX41V"
"RVX5by_85.csv","RVX5by"
"RVX61B_1385.csv","RVX61B"
"RVX702_1085.csv","RVX702"
"RVX9zy_385.csv","RVX9zy"
"RVXajy_1241.csv","RVXajy"
"RVXbBr_41.csv","RVXbBr"
"RVXd1V_1341.csv","RVXd1V"
"RVXD1V_285.csv","RVXD1V"
"RVXEKy_541.csv","RVXEKy"
"RVXgQ2_685.csv","RVXgQ2"
"RVXJbB_1185.csv","RVXJbB"
"RVXKK2_585.csv","RVXKK2"
"RVXlXV_985.csv","RVXlXV"
"RVXm8y_741.csv","RVXm8y"
"RVXMjy_141.csv","RVXMjy"
"RVXnzB_341.csv","RVXnzB"
"RVXp4V_841.csv","RVXp4V"
"RVXQby_1141.csv","RVXQby"
"RVXrzB_1441.csv","RVXrzB"
"RVXv5B_485.csv","RVXv5B"
"RVXw52_441.csv","RVXw52"
"RVXx0V_1041.csv","RVXx0V"
"RVXX8V_785.csv","RVXX8V"
"RVXYjy_185.csv","RVXYjy"
"RVXZQB_641.csv","RVXZQB"
"RVXzzB_1485.csv","RVXzzB"
"W2z0Zy_774.csv","W2z0Zy"
"W2z4Ry_74.csv","W2z4Ry"
"W2z5mB_1274.csv","W2z5mB"
"W2z6K2_330.csv","W2z6K2"
"W2z7KV_1474.csv","W2z7KV"
"W2z8Ay_474.csv","W2z8Ay"
"W2z9bB_830.csv","W2z9bB"
"W2zaKB_374.csv","W2zaKB"
"W2zDmy_174.csv","W2zDmy"
"W2zdxy_674.csv","W2zdxy"
"W2zezB_930.csv","W2zezB"
"W2zgAV_430.csv","W2zgAV"
"W2zkmV_1230.csv","W2zkmV"
"W2zKzV_974.csv","W2zKzV"
"W2zlKy_1430.csv","W2zlKy"
"W2znm2_130.csv","W2znm2"
"W2zobV_874.csv","W2zobV"
"W2zORV_1130.csv","W2zORV"
"W2zp8y_230.csv","W2zp8y"
"W2zq8B_1374.csv","W2zq8B"
"W2zR2v_30.csv","W2zR2v"
"W2zR82_1330.csv","W2zR82"
"W2zrn2_530.csv","W2zrn2"
"W2zv92_1074.csv","W2zv92"
"W2zWZV_730.csv","W2zWZV"
"W2zXny_574.csv","W2zXny"
"W2zxxy_630.csv","W2zxxy"
"W2zY9B_1030.csv","W2zY9B"
"W2zz82_274.csv","W2zz82"
"W2zZR2_1174.csv","W2zZR2"
"X2E3Py_563.csv","X2E3Py"
"X2E4lB_1263.csv","X2E4lB"
"X2E5J2_1019.csv","X2E5J2"
"X2E6WV_219.csv","X2E6WV"
"X2E75y_419.csv","X2E75y"
"X2E8bB_919.csv","X2E8bB"
"X2E9P2_519.csv","X2E9P2"
"X2EaL2_763.csv","X2EaL2"
"X2EAW2_263.csv","X2EAW2"
"X2EEJ2_1063.csv","X2EEJ2"
"X2EgMy_63.csv","X2EgMy"
"X2EJ9V_319.csv","X2EJ9V"
"X2EjlV_119.csv","X2EjlV"
"X2Ek9y_1419.csv","X2Ek9y"
"X2EKby_963.csv","X2EKby"
"X2ELmB_663.csv","X2ELmB"
"X2EM27_19.csv","X2EM27"
"X2Eml2_163.csv","X2Eml2"
"X2EMx2_863.csv","X2EMx2"
"X2En9V_1463.csv","X2En9V"
"X2ENxV_819.csv","X2ENxV"
"X2EOLy_719.csv","X2EOLy"
"X2Eomy_619.csv","X2Eomy"
"X2EpWB_1363.csv","X2EpWB"
"X2Eq52_463.csv","X2Eq52"
"X2EQM2_1119.csv","X2EQM2"
"X2ERMV_1163.csv","X2ERMV"
"X2EwWy_1319.csv","X2EwWy"
"X2ExlB_1219.csv","X2ExlB"
"X2EZ9V_363.csv","X2EZ9V"
"YBL04B_1479.csv","YBL04B"
"YBL34y_379.csv","YBL34y"
"YBL6DV_535.csv","YBL6DV"
"YBL8pB_779.csv","YBL8pB"
"YBLAA2_1035.csv","YBLAA2"
"YBLaL2_179.csv","YBLaL2"
"YBLbZV_235.csv","YBLbZV"
"YBLD4B_335.csv","YBLD4B"
"YBLE12_835.csv","YBLE12"
"YBLg4y_1435.csv","YBLg4y"
"YBLj9V_935.csv","YBLj9V"
"YBLJmV_1179.csv","YBLJmV"
"YBLl9B_979.csv","YBLl9B"
"YBLLLB_135.csv","YBLLLB"
"YBLm2b_35.csv","YBLm2b"
"YBLNAV_1079.csv","YBLNAV"
"YBLnpV_735.csv","YBLnpV"
"YBLOmy_79.csv","YBLOmy"
"YBLPLB_1235.csv","YBLPLB"
"YBLpZB_1379.csv","YBLpZB"
"YBLQm2_1135.csv","YBLQm2"
"YBLRKV_435.csv","YBLRKV"
"YBLrXV_635.csv","YBLrXV"
"YBLvKV_479.csv","YBLvKV"
"YBLWZy_1335.csv","YBLWZy"
"YBLwZy_279.csv","YBLwZy"
"YBLX1B_879.csv","YBLX1B"
"YBLxLB_1279.csv","YBLxLB"
"YBLYD2_579.csv","YBLYD2"
"YBLZXV_679.csv","YBLZXV"
"YBq3YV_678.csv","YBq3YV"
"YBq6k2_1278.csv","YBq6k2"
"YBq7dV_1034.csv","YBq7dV"
"YBq8vy_1478.csv","YBq8vy"
"YBq9YB_634.csv","YBq9YB"
"YBqakB_134.csv","YBqakB"
"YBqAvB_1434.csv","YBqAvB"
"YBqbk2_1234.csv","YBqbk2"
"YBqD9y_1334.csv","YBqD9y"
"YBqdXy_978.csv","YBqdXy"
"YBqEvB_334.csv","YBqEvB"
"YBqeXB_934.csv","YBqeXB"
"YBqGwV_534.csv","YBqGwV"
"YBqjd2_1078.csv","YBqjd2"
"YBqKVj_34.csv","YBqKVj"
"YBqL9y_234.csv","YBqL9y"
"YBqm0B_878.csv","YBqm0B"
"YBqM9B_1378.csv","YBqM9B"
"YBqNz2_434.csv","YBqNz2"
"YBqOvV_378.csv","YBqOvV"
"YBqPKy_1134.csv","YBqPKy"
"YBqpKy_78.csv","YBqpKy"
"YBqQkB_178.csv","YBqQkB"
"YBqrw2_578.csv","YBqrw2"
"YBqvK2_1178.csv","YBqvK2"
"YBqw9V_278.csv","YBqw9V"
"YBqWDV_778.csv","YBqWDV"
"YBqXzy_478.csv","YBqXzy"
"YBqY0B_834.csv","YBqY0B"
"YBqZD2_734.csv","YBqZD2"
"Zyx11B_1350.csv","Zyx11B"
"Zyx3wV_706.csv","Zyx3wV"
"Zyx5xB_550.csv","Zyx5xB"
"Zyx6j2_694.csv","Zyx6j2"
"Zyx7eV_1050.csv","Zyx7eV"
"Zyx8ey_1094.csv","Zyx8ey"
"Zyx9lB_406.csv","Zyx9lB"
"Zyxa1B_294.csv","Zyxa1B"
"ZyxaBq_6.csv","ZyxaBq"
"ZyxaoB_306.csv","ZyxaoB"
"Zyxd1y_1306.csv","Zyxd1y"
"ZyxDwy_750.csv","ZyxDwy"
"ZyxdXy_1294.csv","ZyxdXy"
"ZyxEOB_894.csv","ZyxEOB"
"ZyxEvB_906.csv","ZyxEvB"
"ZyxGaV_1194.csv","ZyxGaV"
"ZyxglV_494.csv","ZyxglV"
"ZyxGXV_1206.csv","ZyxGXV"
"ZyxgxV_506.csv","ZyxgxV"
"ZyxJo2_1494.csv","ZyxJo2"
"Zyxk1V_206.csv","Zyxk1V"
"ZyxKXV_1250.csv","ZyxKXV"
"ZyxkXV_194.csv","ZyxkXV"
"ZyxLjy_606.csv","ZyxLjy"
"Zyxlly_450.csv","Zyxlly"
"ZyxLxy_594.csv","ZyxLxy"
"ZyxmoB_394.csv","ZyxmoB"
"ZyxNv2_950.csv","ZyxNv2"
"ZyxOjV_650.csv","ZyxOjV"
"Zyxpay_1106.csv","Zyxpay"
"ZyxPoy_350.csv","ZyxPoy"
"Zyxq1B_1394.csv","Zyxq1B"
"ZyxqoB_1406.csv","ZyxqoB"
"ZyxQXB_150.csv","ZyxQXB"
"Zyxro2_1450.csv","Zyxro2"
"Zyxva2_1150.csv","Zyxva2"
"ZyxWaV_50.csv","ZyxWaV"
"ZyxwaV_94.csv","ZyxwaV"
"ZyxwXV_106.csv","ZyxwXV"
"Zyxxey_1006.csv","Zyxxey"
"ZyxXOy_806.csv","ZyxXOy"
"Zyxxvy_994.csv","Zyxxvy"
"ZyxXwy_794.csv","ZyxXwy"
"ZyxZ12_250.csv","ZyxZ12"
"ZyxzO2_850.csv","ZyxzO2"
